{
  "ase": 8.64,
  "sda": 56.11,
  "floor_area_passing_ase": 1299.1230924031904,
  "floor_area_passing_sda": 797.9239870380698,
  "total_floor_area": 1422.0,
  "credits": 2
}